{
    "loss": 0.5881176590919495,
    "accuracy": 0.9396551847457886
}